id,group_id,name,name_kana,mvp,zissen_man_player_id,zissen_man_rank_group,zissen_man_rank_lastyear,zissen_man_rank_total,zissen_man_comment,hokei_man_player_id,hokei_man_rank_group,hokei_man_rank_lastyear,hokei_man_rank_total,hokei_man_comment,zissen_woman_player_id,zissen_woman_rank_group,zissen_woman_rank_lastyear,zissen_woman_rank_total,zissen_woman_comment,hokei_woman_player_id,hokei_woman_rank_group,hokei_woman_rank_lastyear,hokei_woman_rank_total,hokei_woman_comment
1,1,金子拓豊,カネコヒロト,,1,2,,,,,,,,,,,,,,,,,,
2,1,間藤翼,マトウツバサ,,,,,,,1,2,,,,,,,,,,,,,
3,1,石名坂優太,イシナザカユウタ,,,,,,,,,,,,,,,,,,,,,
4,1,中村燈世,ナカムラトウセイ,,,,,,,2,3,,,,,,,,,,,,,
5,1,堀口元輝,ホリグチゲンキ,,,,,,,3,1,,,,,,,,,,,,,
6,1,堀野航平,ホリノコウヘイ,,2,1,,4,R8 さくら祭り大会個人実戦優勝,,,,,,,,,,,,,,,
7,1,山﨑晋,ヤマザキシン,,3,3,,,,,,,,,,,,,,,,,,
8,1,青野由芽,アオノユメ,,,,,,,,,,,,,,,,,1,2,,,
9,1,川田有珠,カワタアズ,,,,,,,,,,,,1,1,,5,R8 さくら祭り大会個人実戦準優勝,,,,,
10,1,佐々木柚葉,ササキユズハ,,,,,,,,,,,,,,,,,2,1,,,
11,1,藤越琴羽,フジコシコトハ,,,,,,,,,,,,,,,,,,,,,
12,1,青木元,アオキハジメ,,,,,,,,,,,,,,,,,,,,,
13,1,金丸大地,カナマルダイチ,,,,,,,,,,,,,,,,,,,,,
14,1,田代歩夢,タシロアユム,,,,,,,,,,,,,,,,,,,,,
15,1,福井雅人,フクイマサト,,,,,,,,,,,,,,,,,,,,,
16,1,山中優,ヤマナカスグル,,,,,,,,,,,,,,,,,,,,,
17,1,丸山伶,マルヤマレイ,,,,,,,,,,,,,,,,,,,,,
18,1,近嵐なつ葵,チカラシナツキ,,,,,,,,,,,,,,,,,3,3,,,
19,1,松居璃桜,マツイリオ,,,,,,,,,,,,,,,,,,,,,
20,1,三川幸,ミカワミユキ,,,,,,,,,,,,,,,,,,,,,
21,1,守谷奈穂,モリヤナホ,,,,,,,,,,,,,,,,,,,,,
22,1,井手ののか,イデノノカ,,,,,,,,,,,,,,,,,,,,,
23,1,大矢航汰,オオヤコウタ,,,,,,,,,,,,,,,,,,,,,
24,1,岡本珠々,オカモトスズ,,,,,,,,,,,,,,,,,,,,,
25,1,加藤真之介,カトウシンノスケ,,,,,,,,,,,,,,,,,,,,,
26,1,島貫祐兜,シマヌキヒロト,,,,,,,,,,,,,,,,,,,,,
27,1,鈴木晴也,スズキハルヤ,,,,,,,,,,,,,,,,,,,,,
28,1,武石佳子,タケイシカコ,,,,,,,,,,,,,,,,,,,,,
29,1,田中さら紗,タナカサラサ,,,,,,,,,,,,,,,,,,,,,
30,1,柗井友梨香,マツイユリカ,,,,,,,,,,,,,,,,,,,,,
31,1,丸山和馬,マルヤマカズマ,,,,,,,,,,,,,,,,,,,,,
32,1,毛利海咲,モウリミサキ,,,,,,,,,,,,,,,,,,,,,
33,1,吉田健人,ヨシダタケト,,,,,,,,,,,,,,,,,,,,,
34,2,伊澤空良,イザワソラ,,4,1,,,,4,1,,6,R8年度さくら祭り大会男子個人法形1位、R8年青森県大会男子個人法形1位,,,,,,,,,,
35,2,小松美稀,コマツミキ,,,,,,,,,,,,2,1,,,,4,1,,,
36,31,栗田陽祭,クリタヒマリ,,,,,,,,,,,,,,,,,5,1,,,Ｒ８宮城県大会個人法形準優勝
37,31,南部ゆらら,ナンブユララ,,,,,,,,,,,,,,,,,6,2,,,Ｒ８宮城県大会個人法形４位
38,32,戸井陽彩,ﾄｲヒイロ,,,,,,,,,,,,,,,,,7,1,,,
39,5,高須賀大器,タカスカタイキ,,5,1,,,,5,1,,,,,,,,,,,,,
40,5,内藤玉芽,ナイトウタマメ,,,,,,,,,,,,,,,,,,,,,
41,5,八巻陽菜,ヤマキハルナ,,,,,,,,,,,,3,1,,,,,,,,
42,5,上田葵,ウエダアオイ,,,,,,,,,,,,,,,,,,,,,
43,5,鳥羽美妃,トバミキ,,,,,,,,,,,,,,,,,,,,,
44,5,樋口真麻,ヒグチマアサ,,,,,,,,,,,,,,,,,,,,,
45,5,三浦綾夏,ミウラアヤナ,,,,,,,,,,,,,,,,,8,1,,,
46,5,池野卓心,イケノタクミ,,,,,,,,,,,,,,,,,,,,,
47,5,伊東研人,イトウケント,,,,,,,,,,,,,,,,,,,,,
48,5,江口楽,エグチガク,,,,,,,,,,,,,,,,,,,,,
49,5,金井優太,カナイユウタ,,,,,,,6,2,,,,,,,,,,,,,
50,5,熊澤康輝,クマザワコウキ,,,,,,,7,3,,,,,,,,,,,,,
51,5,松島沙絵,マツシマサエ,,,,,,,,,,,,,,,,,9,2,,,
52,5,相原愛,アイハラアイ,,,,,,,,,,,,,,,,,,,,,
53,5,齋藤七珠,サイトウナナミ,,,,,,,,,,,,,,,,,,,,,
54,5,住谷有紀人,スミタニユキト,,,,,,,,,,,,,,,,,,,,,
55,5,森川力,モリカワチカラ,,,,,,,,,,,,,,,,,,,,,
56,5,横張友乃,ヨコハリユノ,,,,,,,,,,,,,,,,,,,,,
57,5,横堀陽香,ヨコボリハルカ,,,,,,,,,,,,,,,,,,,,,
58,6,米沢明良,ヨネザワアキラ,,,,,,,8,1,,,,,,,,,,,,,
59,30,水野蒼紫,ミズノアオシ,,,,,,,9,1,,,,,,,,,,,,,
60,8,青柳遼,アオヤギハルカ,,,,,,,,,,,,,,,,,,,,,
61,8,福地澪,フクチミオ,,,,,,,,,,,,,,,,,,,,,
62,8,米田愛佳,ヨネタアイカ,,,,,,,,,,,,,,,,,,,,,
63,8,吉川侑良,ヨシカワユラ,,,,,,,,,,,,,,,,,,,,,
64,8,白川妃乃,シラカワヒメノ,,,,,,,,,,,,,,,,,,,,,
65,8,大城萌乃,オオシロモエノ,,,,,,,,,,,,,,,,,,,,,
66,8,土居愛実,ドイマナミ,,,,,,,,,,,,,,,,,10,1,,7,R8 多摩大会 一般女子法形3位
67,8,小林美結,コバヤシミユ,,,,,,,,,,,,,,,,,,,,,
68,8,須江一樺,スエイチカ,,,,,,,,,,,,,,,,,,,,,
69,8,福島侑希,フクシマユキ,,,,,,,,,,,,,,,,,,,,,
70,8,齋藤信輝,サイトウノブテル,,,,,,,,,,,,,,,,,,,,,
71,8,村田恵都,ムラタケイト,,,,,,,,,,,,,,,,,,,,,
72,8,濱野優ニ,ハマノユウジ,,,,,,,,,,,,,,,,,,,,,
73,8,長谷川雄士,ハセガワユウジ,,,,,,,10,1,,,,,,,,,,,,,
74,8,似内完多,ニタナイカンタ,,,,,,,,,,,,,,,,,,,,,
75,9,山口竜太郎,ヤマグチリョウタロウ,,6,1,,,,11,1,,,,,,,,,,,,,
76,9,河田梨菜,カワダリナ,,,,,,,,,,,,4,1,,4,R8 千葉県大会個人実戦優勝,11,1,,,
77,9,細谷周平,ホソヤシュウヘイ,,,,,,,,,,,,,,,,,,,,,
78,9,神田崇耀,カンダタカアキ,,,,,,,,,,,,,,,,,,,,,
79,9,村上怜央,ムラカミレオ,,,,,,,,,,,,,,,,,,,,,
80,9,日永空音,ヒナガソラト,,,,,,,,,,,,,,,,,,,,,
81,9,片岡啓太,カタオカケイタ,,,,,,,,,,,,,,,,,,,,,
82,10,中曽根碧,ナカソネアオイ,,,,,,,12,1,,5,R6 学生大会個人法形4位、R8 千葉県大会 個人法形優勝,,,,,,,,,,
83,10,山本琉太,ヤマモトリュウタ,,,,,,,13,2,,7,R8 千葉県大会個人法形準優勝,,,,,,,,,,
84,10,篠原僚介,シノハラリョウスケ,,7,1,,,,,,,,,,,,,,,,,,
85,10,相田迅,アイダジン,,,,,,,,,,,,,,,,,,,,,
86,10,淡路青葉,アワジアオバ,,,,,,,,,,,,5,2,,,,,,,,
87,10,荻原英里奈,オギハラエリナ,,,,,,,,,,,,6,1,,,R8 千葉県大会個人実戦4位,,,,,
88,10,鈴木ひなの,スズキヒナノ,,,,,,,,,,,,,,,,,,,,,
89,10,土屋理緒,ツチヤリオ,,,,,,,,,,,,,,,,,12,1,,5,R6 学生大会個人法形4位
90,10,笠原雷清,カサハラライセイ,,8,2,,,,,,,,,,,,,,,,,,
91,10,堺屋雄堂,サカイヤユウドウ,,,,,,,,,,,,,,,,,,,,,
92,10,勝屋暁斗,カツヤアキト,,,,,,,,,,,,,,,,,,,,,
93,10,小林遼弥,コバヤシハルヤ,,,,,,,,,,,,,,,,,,,,,
94,10,北條煌大,ホウジョウコウタ,,,,,,,14,3,,,,,,,,,,,,,
95,10,山田優斗,ヤマダユウト,,,,,,,,,,,,,,,,,,,,,
96,10,齊藤琴音,サイトウコトネ,,,,,,,,,,,,,,,,,13,2,,,
97,10,佐野歩果,サノアユカ,,,,,,,,,,,,,,,,,,,,,
98,10,畑凜,ハタリン,,,,,,,,,,,,7,3,,,,,,,,
99,10,藤村ねね,フジムラネネ,,,,,,,,,,,,,,,,,,,,,
100,10,大内蓮,オオウチレン,,,,,,,,,,,,,,,,,,,,,
101,10,西村柊哉,ニシムラシュウヤ,,,,,,,,,,,,,,,,,,,,,
102,10,渡邊晄大,ワタナベコウダイ,,,,,,,,,,,,,,,,,,,,,
103,10,中野澄加,ナカノスミカ,,,,,,,,,,,,,,,,,,,,,
104,10,三鴨明弥,ミカモアカネ,,,,,,,,,,,,,,,,,14,3,,,
105,10,宮元茉優,ミヤモトマヒロ,,,,,,,,,,,,,,,,,,,,,
106,10,山下みらい,ヤマシタミライ,,,,,,,,,,,,,,,,,,,,,
107,10,中山膳,ナカヤマゼン,,9,3,,,R4 東北地区躰道優勝大会 男子実戦優勝、 R5 全国高校生躰道優勝大会 男子個人実戦3位,,,,,,,,,,,,,,,
108,10,鵜飼泰成,ウカイタイセイ,,,,,,,,,,,,,,,,,,,,,
109,10,大竹翔太,オオダケショウタ,,,,,,,,,,,,,,,,,,,,,
110,10,品田爽太,シナダソウタ,,,,,,,,,,,,,,,,,,,,,
111,10,関川大惺,セキカワタイセイ,,,,,,,,,,,,,,,,,,,,,
112,10,舘脇優介,タテワキユウスケ,,,,,,,,,,,,,,,,,,,,,
113,10,日比野佑海,ヒビノユウ,,,,,,,,,,,,,,,,,,,,,
114,10,宮本士鋭,ミヤモトシエイ,,,,,,,,,,,,,,,,,,,,,
115,10,村田将隆,ムラタマサタカ,,,,,,,,,,,,,,,,,,,,,
116,10,丹下紗楽,タンゲサラ,,,,,,,,,,,,,,,,,,,,,
117,10,冨永朋希,トミナガホマレ,,,,,,,,,,,,,,,,,,,,,
118,10,前川小春,マエカワコハル,,,,,,,,,,,,,,,,,,,,,
119,10,吉田芽梨杏,ヨシダメリア,,,,,,,,,,,,,,,,,,,,,
120,11,小原将宜,コハラマサヨシ,,10,1,,,,15,1,,,,,,,,,,,,,
121,11,小宮山開斗,コミヤマカイト,,11,2,,,,,,,,,,,,,,,,,,
122,11,田中豪一,タナカゴウイチ,,,,,,,16,2,,,,,,,,,,,,,
123,11,三田涼介,ミタリョウスケ,,12,3,,,,,,,,,,,,,,,,,,
124,11,増田怜,マスダレン,,,,,,,17,3,,,,,,,,,,,,,
125,12,鷲見将太郎,ワシミショウタロウ,,13,1,,2,R8 城南大会個人実戦4位,,,,,,,,,,,,,,,
126,12,林淳之介,ハヤシジュンノスケ,,14,2,,,,,,,,,,,,,,,,,,
127,12,當麻武智,トウマタケチ,,15,3,,,,,,,,,,,,,,,,,,
128,12,小林雅偉,コバヤシガイ,,,,,,,18,,3,3,R7 学生大会個人法形 3位,,,,,,,,,,
129,12,加納蓮馬,カノウレンマ,,,,,,,19,,2,2,R7 学生大会個人法形 準優勝,,,,,,,,,,
130,12,齋藤凜ノ助,サイトウリンノスケ,,,,,,,20,1,,,,,,,,,,,,,
131,12,松香宏征,マツカコウセイ,,,,,,,21,2,,,,,,,,,,,,,
132,12,大植湘太,オオウエショウタ,,,,,,,22,3,,,,,,,,,,,,,
133,12,花澤栞奈,ハナザワカンナ,,,,,,,,,,,,8,1,,,,,,,,
134,12,小林樹里,コバヤシジュリ,,,,,,,,,,,,9,2,,,,,,,,
135,12,德永清花,トクナガサヤカ,,,,,,,,,,,,10,3,,,,,,,,
136,12,栗山真衣子,クリヤママイコ,,,,,,,,,,,,,,,,,15,1,,1,R8 城西大会個人法形 2位
137,12,杉山碧泉,スギヤマアオイ,,,,,,,,,,,,,,,,,16,2,,,
138,12,木畑咲璃,キバタサリ,,,,,,,,,,,,,,,,,17,3,,,
139,12,広谷勇気,ヒロタニユウキ,,,,,,,,,,,,,,,,,,,,,
140,12,鈴木颯,スズキハヤテ,,,,,,,,,,,,,,,,,,,,,
141,12,髙橋大佑,タカハシダイスケ,,,,,,,,,,,,,,,,,,,,,
142,12,浅野航,アサノワタル,,,,,,,,,,,,,,,,,,,,,
143,12,髙良京一郎,タカラキョウイチロウ,,,,,,,,,,,,,,,,,,,,,
144,12,渡邊風花,ワタナベフウカ,,,,,,,,,,,,,,,,,,,,,
145,12,照井和音,テルイカズネ,,,,,,,,,,,,,,,,,,,,,
146,12,𠮷田ゆう,ヨシダユウ,,,,,,,,,,,,,,,,,,,,,
147,12,友利寧唯,トモリネイ,,,,,,,,,,,,,,,,,,,,,
148,12,松本菜々美,マツモトナナミ,,,,,,,,,,,,,,,,,,,,,
149,12,堀ゆず葉,ホリユズハ,,,,,,,,,,,,,,,,,,,,,
150,12,沢田明太郎,サワタメイタロウ,,,,,,,,,,,,,,,,,,,,,
151,12,林嵩人,ハヤシタカト,,,,,,,,,,,,,,,,,,,,,
152,12,中川惺太,ナカガワセイタ,,,,,,,,,,,,,,,,,,,,,
153,12,藤井祐樹,フジイユウキ,,,,,,,,,,,,,,,,,,,,,
154,12,原匠,ハラタクミ,,,,,,,,,,,,,,,,,,,,,
155,12,中島陽向,ナカジマヒナタ,,,,,,,,,,,,,,,,,,,,,
156,12,今泉有,イマイズミアリ,,,,,,,,,,,,,,,,,,,,,
157,12,人見碧,ヒトミアオイ,,,,,,,,,,,,,,,,,,,,,
158,12,前田ひより,マエダヒヨリ,,,,,,,,,,,,,,,,,,,,,
159,12,百瀬初香,モモセウイカ,,,,,,,,,,,,,,,,,,,,,
160,12,村岡薫,ムラオカカオル,,,,,,,,,,,,,,,,,,,,,
161,12,稲葉駿之介,イナバシュンノスケ,,,,,,,,,,,,,,,,,,,,,
162,13,久保敦資,クボアツシ,,16,2,,,,23,1,,,,,,,,,,,,,
163,13,金田庄泰,カネダショウタ,,17,1,,,,24,,1,1,R7 学生大会個人法形 優勝,,,,,,,,,,
164,13,松田ゆり子,マツダユリコ,,,,,,,,,,,,,,,,,18,1,,8,R8 城西大会段位個人法形 4位
165,13,青野美穂,アオノミホ,,,,,,,,,,,,,,,,,,,,,
166,13,伊禮裕花,イレイユウカ,,,,,,,,,,,,,,,,,19,2,,,
167,13,辻内歩乃里,ツジウチホノリ,,,,,,,,,,,,11,1,,,,20,3,,,
168,13,佐藤心咲,サトウミサ,,,,,,,,,,,,,,,,,,,,,
169,13,角道吾子,カクドウアコ,,,,,,,,,,,,,,,,,,,,,
170,13,塚田梨乃,ツカダリノ,,,,,,,,,,,,,,,,,,,,,
171,13,鈴木舜一朗,スズキシュンイチロウ,,18,3,,,,25,2,,,,,,,,,,,,,
172,13,伊藤真菜,イトウマナ,,,,,,,,,,,,,,,,,,,,,
173,13,渡邉柚穂,ワタナベユズホ,,,,,,,,,,,,,,,,,,,,,
174,13,野田百花,ノダモモカ,,,,,,,,,,,,,,,,,,,,,
175,13,小松佳奈恵,コマツカナエ,,,,,,,,,,,,,,,,,,,,,
176,13,杉戸太郎,スギトタロウ,,,,,,,,,,,,,,,,,,,,,
177,14,兼石諒,カネイシリョウ,,19,3,,,,,,,,,,,,,,,,,,
178,14,石坂仁,イシザカジン,,20,2,,,,,,,,,,,,,,,,,,
179,14,奥野駿之介,オクノシュンノスケ,,21,1,,,,,,,,,,,,,,,,,,
180,14,天谷知香,テンヤチカ,,,,,,,,,,,,12,2,,,,,,,,
181,14,藤那実子,フジナミコ,,,,,,,,,,,,13,3,,,,,,,,
182,14,進蒼,シンアオイ,,,,,,,,,,,,14,1,,,,,,,,
183,14,佐々木伊織,ササキイオリ,,,,,,,26,1,4,4,第58回全国学生躰道優勝大会男子個人法形競技 4位,,,,,,,,,,
184,14,西垣龍真,ニシガキリョウマ,,,,,,,27,2,,,,,,,,,,,,,
185,14,早川昌樹,ハヤカワマサキ,,,,,,,28,3,,,,,,,,,,,,,
186,14,大寺宏奈,オオデラヒロナ,,,,,,,,,,,,,,,,,21,2,,,
187,14,鷲見くるみ,スミクルミ,,,,,,,,,,,,,,,,,22,1,,,
188,14,羽渕結那,ハブチユナ,,,,,,,,,,,,,,,,,23,3,,,
189,14,加藤祥伍,カトウショウゴ,,,,,,,,,,,,,,,,,,,,,
190,14,南谷倖輝,ミナミタニコウキ,,,,,,,,,,,,,,,,,,,,,
191,14,小川悠,オガワハルカ,,,,,,,,,,,,,,,,,,,,,
192,14,飛石悠太,トビイシユウタ,,,,,,,,,,,,,,,,,,,,,
193,14,津田晃希,ツダテルキ,,,,,,,,,,,,,,,,,,,,,
194,14,伊藤涼太,イトウリョウタ,,,,,,,,,,,,,,,,,,,,,
195,14,樋口領治,ヒグチリョウジ,,,,,,,,,,,,,,,,,,,,,
196,14,神宮寺絢香,ジングウジアヤカ,,,,,,,,,,,,,,,,,,,,,
197,14,海野琉,ウミノリュウ,,,,,,,,,,,,,,,,,,,,,
198,14,倉重まど華,クラシゲマドカ,,,,,,,,,,,,,,,,,,,,,
199,14,遠藤碧,エンドウアオイ,,,,,,,,,,,,,,,,,,,,,
200,14,塩冶榛騎,エンヤハルキ,,,,,,,,,,,,,,,,,,,,,
201,14,村上瑠海,ムラカミルカ,,,,,,,,,,,,,,,,,,,,,
202,14,高橋愛実,タカハシマナミ,,,,,,,,,,,,,,,,,,,,,
203,14,和田啓佑,ワダケイスケ,,,,,,,,,,,,,,,,,,,,,
204,14,山本喜晴,ヤマモトヨシハル,,,,,,,,,,,,,,,,,,,,,
205,14,三根俊晃,ミネトシアキ,,,,,,,,,,,,,,,,,,,,,
206,14,松村心大朗,マツムラシンタロウ,,,,,,,,,,,,,,,,,,,,,
207,14,斎藤昴寿,サイトウコウジュ,,,,,,,,,,,,,,,,,,,,,
208,14,津口木里,ツグチキリ,,,,,,,,,,,,,,,,,,,,,
209,14,赤司琴子,アカシコトコ,,,,,,,,,,,,,,,,,,,,,
210,14,本柳亜呼,モトヤナギアコ,,,,,,,,,,,,,,,,,,,,,
211,14,竹下奈菜,タケシタナナ,,,,,,,,,,,,,,,,,,,,,
212,14,栗木希美,クリキノゾミ,,,,,,,,,,,,,,,,,,,,,
213,15,三木康亮,ミキコウスケ,,22,1,,,,29,1,,,,,,,,,,,,,
214,15,水野谷天建,ミズノヤテンタ,,23,2,,,,30,2,,,,,,,,,,,,,
215,15,津久井麻央,ツクイマオ,,,,,,,,,,,,,,,,,24,1,,,
216,15,芝田亜紗実,シバタアサミ,,,,,,,,,,,,,,,,,,,,,
217,15,山崎紗礼,ヤマザキサアヤ,,,,,,,,,,,,,,,,,25,2,,,
218,15,小笠原祐里,オガサワラユリ,,,,,,,,,,,,,,,,,26,3,,,
219,15,八須和菜,ハチスカズナ,,,,,,,,,,,,,,,,,,,,,
220,15,榎本耕己,エノモトコウキ,,,,,,,31,3,,,,,,,,,,,,,
221,15,原田光一郎,ハラダコウイチロウ,,24,3,,,,,,,,,,,,,,,,,,
222,33,坂本習成,サカモトシュウナ,,,,,,,32,1,,,,,,,,,,,,,
223,34,細野凪沙,ホソノナギサ,,,,,,,,,,,,15,1,,,,27,3,,,
224,34,河邊美月,カワベミヅキ,,,,,,,,,,,,,,,,,28,1,,,
225,34,奥宮百合子,オクミヤユリコ,,,,,,,,,,,,,,,,,29,2,,,
226,34,櫻井潤,サクライジュン,,,,,,,33,1,,,,,,,,,,,,,
227,17,田中陸功,タナカリク,,,,,,,34,1,,,,,,,,,,,,,
228,17,川原智博,カワハラトモヒロ,,,,,,,35,2,,,,,,,,,,,,,
229,17,安田甲士郎,ヤスダコウシロウ,,,,,,,36,3,,,,,,,,,,,,,
230,17,鈴木龍也,スズキリュウヤ,,25,1,,,,,,,,,,,,,,,,,,
231,17,鷲津匠哉,ワシズタクヤ,,26,2,,,,,,,,,,,,,,,,,,
232,17,水越優太,ミズコシユウタ,,27,3,,,,,,,,,,,,,,,,,,
233,17,小坂眞生,コサカマサキ,,,,,,,,,,,,,,,,,30,1,,4,2025学生大会ベスト8、 2026城西大会3位、 2026城南大会3位
234,17,横田亜依,ヨコタアイ,,,,,,,,,,,,,,,,,31,2,,,
235,17,長沼有咲,ナガヌマアリサ,,,,,,,,,,,,,,,,,32,3,,,
236,17,鈴木彩花,スズキアヤカ,,,,,,,,,,,,16,2,,,,,,,,
237,17,後藤美紗樹,ゴトウミサキ,,,,,,,,,,,,17,3,,,,,,,,
238,17,伊東里紗,イトウリサ,,,,,,,,,,,,18,1,,,,,,,,
239,17,佐藤美怜,サトウミレイ,,,,,,,,,,,,19,,3,2,2025学生大会個人実戦3位、 2025城南大会個人実戦3位、 2026城西大会個人実戦2位,,,,,
240,17,丹みなみ,タンミナミ,,,,,,,,,,,,,,,,,,,,,
241,17,加藤里菜子,カトウリナコ,,,,,,,,,,,,,,,,,,,,,
242,17,佐々木由栞,ササキユリ,,,,,,,,,,,,,,,,,,,,,
243,17,福田悠介,フクダユウスケ,,,,,,,,,,,,,,,,,,,,,
244,17,塚越裕斗,ツカゴシヒロト,,,,,,,,,,,,,,,,,,,,,
245,17,齋藤貴啓,サイトウタカヒロ,,,,,,,,,,,,,,,,,,,,,
246,17,稲垣和真,イナガキカズマ,,,,,,,,,,,,,,,,,,,,,
247,17,立木遥大,タチキハルト,,,,,,,,,,,,,,,,,,,,,
248,17,市川翔大,イチカワショウダイ,,,,,,,,,,,,,,,,,,,,,
249,17,永久元,ナガヒサゲン,,,,,,,,,,,,,,,,,,,,,
250,17,荻原康太,オギハラコウタ,,,,,,,,,,,,,,,,,,,,,
251,17,佐野由夏,サノユカ,,,,,,,,,,,,,,,,,,,,,
252,17,権藤ちひろ,ゴンドウチヒロ,,,,,,,,,,,,,,,,,,,,,
253,17,小林栞奈,コバヤシカンナ,,,,,,,,,,,,,,,,,,,,,
254,17,友野真綸,トモノマリン,,,,,,,,,,,,,,,,,,,,,
255,17,神田咲希,カンダサキ,,,,,,,,,,,,,,,,,,,,,
256,35,田中来夢,タナカライム,,,,,,,37,1,,,,,,,,,,,,,
257,35,作山実希,サクヤマミキ,,,,,,,,,,,,,,,,,33,1,,,
258,20,翁長武志,オナガタケシ,,28,1,,3,R8城西 個人実戦3位,38,1,,,,,,,,,,,,,
259,20,東花奈,アズマカナ,,,,,,,,,,,,,,,,,34,3,,,
260,20,安井柚末希,ヤスイユズキ,,,,,,,,,,,,,,,,,,,,,
261,20,生方穂乃花,ウブカタホノカ,,,,,,,,,,,,,,,,,35,1,,2,R7城南 個法４位、 R7学生大会 法形ベスト８
262,20,戸川さくら,トガワサクラ,,,,,,,,,,,,,,,,,36,2,,,
263,20,佐々木南,ササキミナミ,,,,,,,,,,,,,,,,,,,,,
264,20,石井菜々,イシイナナ,,,,,,,,,,,,20,1,,,,,,,,
265,20,新崎桂也,アラサキヨシヤ,,,,,,,,,,,,,,,,,,,,,
266,20,小林優太,コバヤシユウタ,,,,,,,39,3,,,,,,,,,,,,,
267,20,土谷悠斗,ツチヤユウト,,,,,,,40,2,,,,,,,,,,,,,
268,20,永野泰成,ナガノタイセイ,,,,,,,,,,,,,,,,,,,,,
269,20,西村彩郁璃,ニシムラアイリ,,,,,,,,,,,,,,,,,,,,,
270,20,森知憲,モリトモアキ,,,,,,,,,,,,,,,,,,,,,
271,20,米川穂南,ヨネカワホナミ,,,,,,,,,,,,,,,,,,,,,
272,20,高橋花凛,タカハシカリン,,,,,,,,,,,,,,,,,,,,,
273,20,萩原千絢,ハギワラチヒロ,,,,,,,,,,,,,,,,,,,,,
274,20,林優里奈,ハヤシユリナ,,,,,,,,,,,,,,,,,,,,,
275,20,山田咲那,ヤマダサナ,,,,,,,,,,,,,,,,,,,,,
276,20,青木菫,アオキスミレ,,,,,,,,,,,,,,,,,,,,,
277,20,中川凛大,ナカガワリンダイ,,,,,,,,,,,,,,,,,,,,,
278,20,瀧野真里花,タキノマリカ,,,,,,,,,,,,,,,,,,,,,
279,20,古屋茉莉,フルヤマリ,,,,,,,,,,,,,,,,,,,,,
280,20,田中志歩,タナカシホ,,,,,,,,,,,,,,,,,,,,,
281,20,星野紗佳,ホシノサヤカ,,,,,,,,,,,,,,,,,,,,,
282,20,渡邉光,ワタナベテル,,,,,,,,,,,,,,,,,,,,,
283,20,大山健太朗,オオヤマケンタロウ,,,,,,,,,,,,,,,,,,,,,
284,21,中村智貴,ナカムラトモキ,,,,,,,41,1,,8,R8関東中部躰道優勝大会男子段位個人法形３位,,,,,,,,,,
285,21,小島瑞生,コジマミズキ,,,,,,,,,,,,,,,,,,,,,
286,21,山﨑勇英,ヤマザキユウエイ,,29,2,,,,,,,,,,,,,,,,,,
287,21,小野直史,オノナオフミ,,30,1,,,,,,,,,,,,,,,,,,
288,21,小宮山裕大,コミヤマユウダイ,,,,,,,,,,,,,,,,,,,,,
289,21,渦岡遼丞,ウズオカリョウスケ,,,,,,,42,2,,,,,,,,,,,,,
290,21,大竹遥葉,オオタケハルヨ,,,,,,,,,,,,21,1,,6,R8関東中部躰道優勝大会個人実戦3位,,,,,
291,21,山中満里奈,ヤマナカマリナ,,,,,,,,,,,,22,2,,,,,,,,
292,21,西岡希星,ニシオカキララ,,,,,,,,,,,,23,3,,,,,,,,
293,21,森田心海,モリタココミ,,,,,,,,,,,,,,,,,37,1,,,
294,21,窪田涼見,クボタスズミ,,,,,,,,,,,,,,,,,,,,,
295,21,穐山佳歩,アキヤマカホ,,,,,,,,,,,,,,,,,,,,,
296,21,細田はな乃,ホソダハナノ,,,,,,,,,,,,,,,,,,,,,
297,21,加藤美幸,カトウミユキ,,,,,,,,,,,,,,,,,,,,,
298,21,川崎蓮佳,カワサキレンカ,,,,,,,,,,,,,,,,,,,,,
299,21,川島瑞帆,カワシマミズホ,,,,,,,,,,,,,,,,,,,,,
300,21,山本明楽,ヤマモトアキラ,,,,,,,,,,,,,,,,,,,,,
301,21,的場朗人,マトバアキト,,,,,,,,,,,,,,,,,,,,,
302,22,松本大緯,マツモトダイ,,31,2,,,,43,2,,,,,,,,,,,,,
303,22,尾沼恭平,オヌマキョウヘイ,,32,1,,,,44,1,,,,,,,,,,,,,
304,22,大久保歩輝,オオクボアユキ,,33,3,,,,45,3,,,,,,,,,,,,,
305,22,久真也,ヒサシシンヤ,,,,,,,,,,,,,,,,,,,,,
306,22,長内優奈,オサナイユウナ,,,,,,,,,,,,,,,,,,,,,
307,22,小谷菜月,コタニナツキ,,,,,,,,,,,,,,,,,,,,,
308,22,林煌竜,ハヤシコウリュウ,,,,,,,,,,,,,,,,,,,,,
309,22,松原怜,マツハラレイ,,,,,,,,,,,,,,,,,,,,,
310,22,野村公花,ノムラキミカ,,,,,,,,,,,,,,,,,,,,,
311,22,水谷日陽,ミズタニアサヒ,,,,,,,,,,,,,,,,,,,,,
312,36,亀田日向歩,カメダヒナホ,,,,,,,,,,,,,,,,,38,1,,,
313,36,引地智也,ヒキチトモヤ,,,,,,,46,1,,,,,,,,,,,,,
314,36,藤田麻里子,フジタマリコ,,,,,,,,,,,,,,,,,,,,,
315,36,中山創介,ナカヤマソウスケ,,,,,,,,,,,,,,,,,,,,,
316,36,大原康平,オオハラコウヘイ,,,,,,,,,,,,,,,,,,,,,
317,36,福永沙姫,フクナガサキ,,,,,,,,,,,,,,,,,,,,,
318,36,境彩来,サカイサエラ,,,,,,,,,,,,,,,,,,,,,
319,36,田中杏里紗,タナカアリサ,,,,,,,,,,,,,,,,,,,,,
320,23,小西綾香,コニシアヤカ,,,,,,,,,,,,24,2,,,,39,2,,,
321,23,渡邊きらり,ワタナベキラリ,,,,,,,,,,,,25,1,,,,40,1,,,
322,23,長畑智也,ナガハタトモヤ,,34,1,,,,47,1,,,,,,,,,,,,,
323,23,田口海斗,タグチカイト,,35,2,,,,48,2,,,,,,,,,,,,,
324,23,土橋由依,ドバシユイ,,,,,,,,,,,,,,,,,,,,,
325,23,若宮愛美,ワカミヤマナミ,,,,,,,,,,,,,,,,,,,,,
326,23,東暖人,ヒガシハルト,,,,,,,,,,,,,,,,,,,,,
327,23,鈴木雄汰,スズキユウタ,,,,,,,,,,,,,,,,,,,,,
328,23,谷口正宗,タニグチマサムネ,,,,,,,,,,,,,,,,,,,,,
329,23,西原蓮太,ニシハラレンタ,,,,,,,,,,,,,,,,,,,,,
330,25,森稼頭人,モリカズト,,36,1,,,,49,1,,,,,,,,,,,,,
331,24,赤地宏介,アカチコウスケ,,,,,,,50,1,,,,,,,,,,,,,
332,24,戸根右京,トネウキョウ,,37,1,,,,,,,,,,,,,,,,,,
333,24,吉村友樹,ヨシムラユウキ,,,,,,,51,2,,,,,,,,,,,,,
334,24,前田恵成,マエダケイセイ,,,,,,,52,3,,,,,,,,,,,,,
335,24,伊藤幸徳,イトウタカノリ,,38,2,,,,,,,,,,,,,,,,,,
336,24,藤本統弥,フジモトトウヤ,,,,,,,,,,,,,,,,,,,,,
337,24,後呂優月,ウシロユヅキ,,,,,,,,,,,,,,,,,41,1,,,
338,24,稲用幾斗,イナモチイクト,,,,,,,,,,,,,,,,,,,,,
339,24,新城未來,シンジョウミライ,,,,,,,,,,,,,,,,,,,,,
340,24,田場梨央奈,タバリオナ,,,,,,,,,,,,,,,,,42,2,,,
341,24,知花柚奈,チバナユナ,,,,,,,,,,,,,,,,,43,3,,,
342,24,出水俊平,デミズシュンペイ,,,,,,,,,,,,,,,,,,,,,
343,24,高塚悠奈,タカツカユウナ,,,,,,,,,,,,,,,,,,,,,
344,24,仲田由,ナカダユイ,,,,,,,,,,,,,,,,,,,,,
345,24,林つぐみ,ハヤシツグミ,,,,,,,,,,,,,,,,,,,,,
346,24,林環希,ハヤシタマキ,,,,,,,,,,,,,,,,,,,,,
347,24,大城希歩,オオシロキホ,,,,,,,,,,,,,,,,,,,,,
348,37,黒原勇児,クロハラタケル,,39,1,,,,53,1,,,,,,,,,,,,,
349,38,翁長彦綺,オナガゲンキ,,40,1,,,,54,1,,,,,,,,,,,,,
350,26,早川颯香,ハヤカワソヨカ,,,,,,,,,,,,26,,2,1,R7 学生大会個人実戦準優勝,44,1,,6,全国高校生躰道優勝大会 R4優勝 R5準優勝
351,27,山本千穂里,ヤマモトチホリ,,,,,,,,,,,,27,1,,3,R8 埼玉県大会個人実戦3位、 R7 埼玉県大会個人実戦優勝、 R6 埼玉県大会個人実戦2位、 R6 高校生大会個人実戦3位,45,1,,3,R8埼玉県大会個人法形準優勝、 R7埼玉県大会個人法形優勝、 R6埼玉県大会個人法形3位、 R6高校生大会個人法形2位
352,28,宮川怜碧那,ミヤガワレオナ,,41,1,,1,第57回学生大会個人実戦3位,55,1,,,,,,,,,,,,,
353,39,佐藤優真,サトウユウマ,,42,1,,,,56,1,,9,R8 神奈川県躰道優勝大会 個人法形 3位,,,,,,,,,,
