id,group_id,name,name_kana,mvp,hokei_newcommer_player_id,hokei_newcommer_rank_group,hokei_newcommer_rank_lastyear,hokei_newcommer_rank_total,hokei_newcommer_comment,hokei_kyuui_player_id,hokei_kyuui_rank_group,hokei_kyuui_rank_lastyear,hokei_kyuui_rank_total,hokei_kyuui_comment,hokei_man_player_id,hokei_man_rank_group,hokei_man_rank_lastyear,hokei_man_rank_total,hokei_man_comment,hokei_woman_player_id,hokei_woman_rank_group,hokei_woman_rank_lastyear,hokei_woman_rank_total,hokei_woman_comment,hokei_mei_kyuui_newcommer_player_id,hokei_mei_kyuui_newcommer_rank_group,hokei_mei_kyuui_newcommer_rank_lastyear,hokei_mei_kyuui_newcommer_rank_total,hokei_mei_kyuui_newcommer_comment,hokei_mei_player_id,hokei_mei_rank_group,hokei_mei_rank_lastyear,hokei_mei_rank_total,hokei_mei_comment,hokei_sei_player_id,hokei_sei_rank_group,hokei_sei_rank_lastyear,hokei_sei_rank_total,hokei_sei_comment,zissen_man_player_id,zissen_man_rank_group,zissen_man_rank_lastyear,zissen_man_rank_total,zissen_man_comment,zissen_sonen_man_player_id,zissen_sonen_man_rank_group,zissen_sonen_man_rank_lastyear,zissen_sonen_man_rank_total,zissen_sonen_man_comment,zissen_woman_player_id,zissen_woman_rank_group,zissen_woman_rank_lastyear,zissen_woman_rank_total,zissen_woman_comment,zissen_sonen_woman_player_id,zissen_sonen_woman_rank_group,zissen_sonen_woman_rank_lastyear,zissen_sonen_woman_rank_total,zissen_sonen_woman_comment
1,1,湊宏司,ミナトコウジ,,,,,,,,,,,,,,,,,,,,,,,,,,,,,,,,1,,,,,1,,,,,,,,,,,,,,,,,,,
2,1,中村健志郎,ナカムラケンシロウ,,,,,,,,,,,,1,,,,,,,,,,,,,,,,,,,,,,,,,2,,,,,,,,,,,,,,,,,,,
3,1,上田歩生,ウエダアユキ,,,,,,,,,,,,,,,,,,,,,,,,,,,,,,,,2,,,,,,,,,,,,,,,,,,,,,,,,
4,1,野田理世,ノダリセ,,,,,,,,,,,,,,,,,1,,,,,,,,,,,,,,,,,,,,,,,,,,,,,,1,,,,,,,,,
5,1,長濱顯東,ナガハマケント,,,,,,,,,,,,,,,,,,,,,,,,,,,,,,,,3,,,,,3,,,,,,,,,,,,,,,,,,,
6,1,野波柾希,ノナミマサキ,,,,,,,,,,,,,,,,,,,,,,,,,,,,,,,,,,,,,4,,,,,,,,,,,,,,,,,,,
7,1,鈴木皓介,スズキコウスケ,,,,,,,,,,,,2,,,,,,,,,,,,,,,,,,,,,,,,,5,,,,,,,,,,,,,,,,,,,
8,4,岩間巧,イワマタクミ,,,,,,,,,,,,3,,,,,,,,,,,,,,,,,,,,,,,,,,,,,,,,,,,,,,,,,,,,
9,4,佐々木尚希,ササキナオキ,,,,,,,,,,,,,,,,,,,,,,,,,,,,,,,,,,,,,6,,1,,,,,,,,,,,,,,,,,
10,4,蜂谷拓巳,ハチヤタクミ,,,,,,,,,,,,,,,,,,,,,,,,,,,,,,,,,,,,,7,,,,,,,,,,,,,,,,,,,
11,8,貴島啓文,キジマヒロフミ,,,,,,,,,,,,4,,,,,,,,,,,,,,,,,,,,,,,,,8,,,,,,,,,,,,,,,,,,,
12,7,遠藤秀香,エンドウヒデカ,,,,,,,1,,,,,,,,,,,,,,,,,,,,,,,,,,,,,,,,,,,,,,,,,,,,,,,,,
13,10,山本芳江,ヤマモトヨシエ,,,,,,,,,,,,,,,,,,,,,,1,,1,,,,,,,,,,,,,,,,,,,,,,,,,,,,,,,,
14,10,平田梢,ヒラタコズエ,,,,,,,2,,,,,,,,,,,,,,,,,,,,,,,,,,,,,,,,,,,,,,,,,,,,,,,,,
15,10,飯島徹,イイジマトオル,,1,,,,,,,,,,,,,,,,,,,,,,,,,,,,,,,,,,,,,,,,,,,,,,,,,,,,,,
16,10,坂本巧,サカモトタクミ,,,,,,,,,,,,,,,,,,,,,,,,,,,,,,,,4,,,,,9,,,,,,,,,,,,,,,,,,,
17,10,坂本郁恵,サカモトイクエ,,,,,,,,,,,,,,,,,,,,,,,,,,,,,,,,5,,,,,,,,,,,,,,,2,,,,,,,,,
18,10,渡辺伸一郎,ワタナベシンイチロウ,,,,,,,,,,,,,,,,,,,,,,,,,,,,,,,,6,,,,,,,,,,1,,,,,,,,,,,,,,
19,10,中井秀一,ナカイシュウイチ,,,,,,,,,,,,,,,,,,,,,,,,,,,,,,,,7,,,,,,,,,,2,,,,,,,,,,,,,,
20,10,関口基則,セキグチモトノリ,,,,,,,,,,,,,,,,,,,,,,,,,,,,,,,,8,,,,,10,,,,,,,,,,,,,,,,,,,
21,10,二ノ宮健,ニノミヤケン,,,,,,,,,,,,,,,,,,,,,,,,,,,,,,,,9,,,,,,,,,,3,,,,,,,,,,,,,,
22,10,清水貴治,シミズタカハル,,,,,,,,,,,,5,,,,,,,,,,,,,,,,,,,,,,,,,11,,,,,,,,,,,,,,,,,,,
23,10,小野田昇太,オノダショウタ,,,,,,,,,,,,6,,,,,,,,,,,,,,,,,,,,,,,,,12,,,,,,,,,,,,,,,,,,,
24,10,谷津更咲,ヤヅサラサ,,,,,,,,,,,,,,,,,2,,,,,,,,,,,,,,,,,,,,,,,,,,,,,,3,,,,,,,,,
25,10,井澤遼祐,イザワリョウスケ,,,,,,,3,,,,,,,,,,,,,,,,,,,,,,,,,,,,,,,,,,,,,,,,,,,,,,,,,
26,11,山田大輔,ヤマダダイスケ,,,,,,,,,,,,,,,,,,,,,,,,,,,1,,,,,,,,,,,,,,,4,,,,,,,,,,,,,,
27,11,小矢島皓平,コヤジマコウヘイ,,,,,,,,,,,,,,,,,,,,,,,,,,,,,,,,10,,,,,13,,,,,,,,,,,,,,,,,,,
28,11,栗山拓也,クリヤマタクヤ,,,,,,,,,,,,,,,,,,,,,,,,,,,,,,,,,,,,,14,,,,,,,,,,,,,,,,,,,
29,11,榎本至,エノモトイタル,,,,,,,,,,,,,,,,,,,,,,,,,,,,,,,,11,,,,,,,,,,5,,,,,,,,,,,,,,
30,11,早川香織,ハヤカワカオリ,,,,,,,,,,,,,,,,,,,,,,,,,,,2,,,,,,,,,,,,,,,,,,,,,,,,,,,,,
31,11,福井順,フクイジュン,,,,,,,,,,,,,,,,,,,,,,2,,3,,,,,,,,,,,,,,,,,,,,,,,,,,,,,,,,
32,11,今本健太,イマモトケンタ,,,,,,,4,,,,,,,,,,,,,,,,,,,,,,,,,,,,,,,,,,,,,,,,,,,,,,,,,
33,11,川上智子,カワカミトモコ,,,,,,,,,,,,,,,,,,,,,,3,,,,,,,,,,,,,,,,,,,,,,,,,,,,,,,,,,
34,11,大橋沙也香,オオハシサヤカ,,,,,,,5,,,,,,,,,,,,,,,,,,,,,,,,,,,,,,,,,,,,,,,,,,,,,,,,,
35,11,髙橋泰彦,タカハシヤスヒコ,,,,,,,,,,,,,,,,,,,,,,4,,,,,,,,,,,,,,,,,,,,,,,,,,,,,,,,,,
36,11,原田祐梨,ハラダユリ,,,,,,,6,,,,,,,,,,,,,,,,,,,,,,,,,,,,,,,,,,,,,,,,,,,,,,,,,
37,11,林元,ハヤシゲン,,,,,,,,,,,,,,,,,,,,,,,,,,,,,,,,,,,,,15,,,,,,,,,,,,,,,,,,,
38,11,虞嶔崟,グチンイン,,,,,,,,,,,,,,,,,,,,,,,,,,,,,,,,12,,,,,16,,,,,,,,,,,,,,,,,,,
39,11,日名地亮太,ヒナジリョウタ,,,,,,,,,,,,7,,,,,,,,,,,,,,,,,,,,,,,,,17,,,,,,,,,,,,,,,,,,,
40,11,壷井達矢,ツボイタツヤ,,,,,,,,,,,,8,,,,,,,,,,,,,,,,,,,,,,,,,18,,,,,,,,,,,,,,,,,,,
41,11,千倉佳吾,チクラケイゴ,,,,,,,,,,,,,,,,,,,,,,,,,,,,,,,,13,,,,,19,,,,,,,,,,,,,,,,,,,
42,11,三宅幸太郎,ミヤケコウタロウ,,,,,,,,,,,,,,,,,,,,,,,,,,,,,,,,,,,,,20,,,,,,,,,,,,,,,,,,,
43,11,小林将也,コバヤシマサヤ,,,,,,,,,,,,9,,,,,,,,,,,,,,,,,,,,,,,,,21,,,,,,,,,,,,,,,,,,,
44,11,大島悠太郎,オオシマユウタロウ,,,,,,,,,,,,10,,,,,,,,,,,,,,,,,,,,,,,,,22,,,,,,,,,,,,,,,,,,,
45,11,赤井慧,アカイサトシ,,,,,,,,,,,,,,,,,,,,,,,,,,,,,,,,,,,,,23,,,,,,,,,,,,,,,,,,,
46,11,小畠将幸,コバタマサユキ,,,,,,,,,,,,11,,,,,,,,,,,,,,,,,,,,,,,,,24,,,,,,,,,,,,,,,,,,,
47,11,武藤大将,ムトウダイスケ,,,,,,,,,,,,12,,,,,,,,,,,,,,,,,,,,,,,,,25,,,,,,,,,,,,,,,,,,,
48,11,桑田圭梧,クワタケイゴ,,,,,,,,,,,,13,,,,,,,,,,,,,,,,,,,,,,,,,26,,,,,,,,,,,,,,,,,,,
49,11,境野光,サカイノヒカル,,,,,,,,,,,,14,,,,,,,,,,,,,,,,,,,,,,,,,27,,,,,,,,,,,,,,,,,,,
50,11,鷲本康樹,ワシモトコウキ,,,,,,,,,,,,15,,,,,,,,,,,,,,,,,,,,,,,,,28,,,,,,,,,,,,,,,,,,,
51,11,寺井翔英,テライショウエイ,,,,,,,,,,,,16,,,,,,,,,,,,,,,,,,,,,,,,,29,,,,,,,,,,,,,,,,,,,
52,11,米山祐史,ヨネヤマユウジ,,,,,,,,,,,,17,,,,,,,,,,,,,,,,,,,,,,,,,30,,,,,,,,,,,,,,,,,,,
53,11,川﨑光晟,カワサキコウセイ,,,,,,,,,,,,18,,,,,,,,,,,,,,,,,,,,,,,,,31,,,,,,,,,,,,,,,,,,,
54,11,大越晴斗,オオコシハルト,,,,,,,,,,,,19,,,,,,,,,,,,,,,,,,,,,,,,,,,,,,,,,,,,,,,,,,,,
55,11,川元亘,カワモトワタル,,,,,,,,,,,,20,,,,,,,,,,,,,,,,,,,,,,,,,32,,,,,,,,,,,,,,,,,,,
56,11,植田美輝子,ウエダミキコ,,,,,,,,,,,,,,,,,3,,,,,,,,,,,,,,,,,,,,,,,,,,,,,,4,,,,,,,,,
57,11,石野果穂,イシノカホ,,,,,,,,,,,,,,,,,4,,,,,,,,,,,,,,,,,,,,,,,,,,,,,,5,,,,,,,,,
58,11,八木橋みづき,ヤギハシミヅキ,,,,,,,,,,,,,,,,,5,,,,,,,,,,,,,,,,,,,,,,,,,,,,,,6,,3,,,,,,,
59,11,中村陽美,ナカムラミナミ,,,,,,,,,,,,,,,,,6,,,,,,,,,,,,,,,,,,,,,,,,,,,,,,7,,,,,,,,,
60,11,糸井千夏,イトイチナツ,,,,,,,,,,,,,,,,,,,,,,,,,,,,,,,,,,,,,,,,,,,,,,,,,,,,,,,,
61,11,長谷川桜子,ハセガワサクラコ,,,,,,,,,,,,,,,,,7,,3,,,,,,,,,,,,,,,,,,,,,,,,,,,,,,,,,,,,,
62,11,曽田結花子,ソダユカコ,,,,,,,,,,,,,,,,,8,,,,,,,,,,,,,,,,,,,,,,,,,,,,,,8,,,,,,,,,
63,11,高栁美礼,タカヤナギミレイ,,,,,,,,,,,,,,,,,9,,,,,,,,,,,,,,,,,,,,,,,,,,,,,,9,,,,,,,,,
64,11,梅戸凜,ウメトリン,,,,,,,,,,,,,,,,,10,,,,,,,,,,,,,,,,,,,,,,,,,,,,,,,,,,,,,,,
65,11,平間沙哉,ヒラマサヤ,,,,,,,,,,,,,,,,,11,,,,,,,,,,,,,,,,,,,,,,,,,,,,,,,,,,,,,,,
66,11,宮入桃子,ミヤイリモモコ,,,,,,,,,,,,,,,,,12,,,,,,,,,,,,,,,,,,,,,,,,,,,,,,,,,,,,,,,
67,11,小畠瑞稀,コバタミズキ,,,,,,,,,,,,,,,,,13,,,,,,,,,,,,,,,,,,,,,,,,,,,,,,,,,,,,,,,
68,11,伊東真良,イトウマサヨシ,,,,,,,7,,3,,,,,,,,,,,,,,,,,,,,,,,,,,,,,,,,,,,,,,,,,,,,,,,
69,11,趙誠俊,チョウソンジュン,,,,,,,8,,,,,,,,,,,,,,,,,,,,,,,,,,,,,,,,,,,,,,,,,,,,,,,,,
70,11,蔭山生真,カゲヤマイクマ,,,,,,,9,,,,昨年新人2位,,,,,,,,,,,,,,,,,,,,,,,,,,,,,,,,,,,,,,,,,,,,,
71,11,𠮷田秀樹,ヨシダヒデキ,,,,,,,10,,,,,,,,,,,,,,,,,,,,,,,,,,,,,,,,,,,,,,,,,,,,,,,,,
72,11,大森悦子,オオモリエツコ,,,,,,,11,,,,,,,,,,,,,,,,,,,,,,,,,,,,,,,,,,,,,,,,,,,,,,,,,
73,11,山岸優衣,ヤマギシユイ,,,,,,,12,,,,昨年新人1位,,,,,,,,,,,,,,,,,,,,,,,,,,,,,,,,,,,,,,,,,,,,,
74,11,押川美鈴,オシカワミスズ,,,,,,,13,,,,,,,,,,,,,,,,,,,,,,,,,,,,,,,,,,,,,,,,,,,,,,,,,
75,11,澤田大典,サワダダイスケ,,2,,,,,,,,,,,,,,,,,,,,,,,,,,,,,,,,,,,,,,,,,,,,,,,,,,,,,,
76,12,大橋正芳,オオハシマサヨシ,,,,,,,,,,,,21,,,,,,,,,,,,,,,,,,,,,,,,,33,,,,,,,,,,,,,,,,,,,
77,12,大橋友紀恵,オオハシユキエ,,,,,,,,,,,,,,,,,14,,,,,,,,,,,,,,,,,,,,,,,,,,,,,,,,,,,1,,,,
78,12,村田哲彦,ムラタテツヒコ,,,,,,,,,,,,,,,,,,,,,,,,,,,,,,,,,,,,,,,,,,6,,,,,,,,,,,,,,
79,12,山之口新司,ヤマノクチシンジ,,,,,,,14,,,,,,,,,,,,,,,,,,,,,,,,,,,,,,,,,,,,,,,,,,,,,,,,,
80,12,岩瀬健太郎,イワセケンタロウ,,,,,,,15,,,,,,,,,,,,,,,,,,,,,,,,,,,,,,,,,,,,,,,,,,,,,,,,,
81,12,寺島真,テラジママコト,,,,,,,16,,,,,,,,,,,,,,,,,,,,,,,,,,,,,,,,,,,,,,,,,,,,,,,,,
82,12,小池雄河,コイケユウガ,,,,,,,17,,,,,,,,,,,,,,,,,,,,,,,,,,,,,,,,,,,,,,,,,,,,,,,,,
83,12,藤岡正洋,フジオカマサヒロ,,,,,,,18,,,,,,,,,,,,,,,,,,,,,,,,,,,,,,,,,,,,,,,,,,,,,,,,,
84,12,島宮満,シマミヤミツル,,,,,,,,,,,,,,,,,,,,,,,,,,,3,,1,,,,,,,,,,,,,,,,,,,,,,,,,,,
85,12,石川欣一,イシカワキンイチ,,,,,,,,,,,,,,,,,,,,,,,,,,,4,,,,,,,,,,,,,,,,,,,,,,,,,,,,,
86,12,勝亦俊夫,カツマタトシオ,,3,,4,,,,,,,,,,,,,,,,,,,,,,,,,,,,,,,,,,,,,,,,,,,,,,,,,,,,
87,12,髙𣘺大祐,タカハシダイスケ,,,,,,,,,,,,,,,,,,,,,,5,,,,,,,,,,,,,,,,,,,,,,,,,,,,,,,,,,
88,14,良本真基,リョウモトマサキ,,,,,,,,,,,,,,,,,,,,,,,,,,,,,,,,,,,,,34,,,,,,,,,,,,,,,,,,,
89,14,本田拓馬,ホンダタクマ,,,,,,,,,,,,,,,,,,,,,,,,,,,,,,,,,,,,,35,,,,,,,,,,,,,,,,,,,
90,14,塚原泰,ツカハラタイ,,,,,,,,,,,,22,,,,,,,,,,,,,,,,,,,,,,,,,36,,,,,,,,,,,,,,,,,,,
91,14,阿部哲郎,アベテツロウ,,,,,,,,,,,,23,,,,,,,,,,,,,,,,,,,,,,,,,37,,,,,,,,,,,,,,,,,,,
92,14,重村優太,シゲムラユウタ,,,,,,,,,,,,,,,,,,,,,,,,,,,,,,,,,,,,,38,,,,,,,,,,,,,,,,,,,
93,14,豊田航大,トヨタコウダイ,,,,,,,,,,,,,,,,,,,,,,,,,,,,,,,,,,,,,39,,,,,,,,,,,,,,,,,,,
94,14,古家采奈,フルヤアヤナ,,,,,,,,,,,,,,,,,15,,,,,,,,,,,,,,,,,,,,,,,,,,,,,,,,,,,,,,,
95,14,衣斐花,エビハナ,,,,,,,,,,,,,,,,,,,,,,,,,,,,,,,,,,,,,,,,,,,,,,,10,,,,,,,,,
96,14,森田莉菜,モリタリナ,,,,,,,,,,,,,,,,,16,,,,,,,,,,,,,,,,,,,,,,,,,,,,,,11,,,,,,,,,
97,14,深澤蘭,フカサワラン,,,,,,,,,,,,,,,,,,,,,,,,,,,,,,,,,,,,,,,,,,,,,,,12,,,,,,,,,
98,14,河村康央,カワムラコオ,,,,,,,,,,,,24,,,,,,,,,,,,,,,,,,,,,,,,,40,,,,,,,,,,,,,,,,,,,
99,14,山際真穂,ヤマギワマホ,,,,,,,,,,,,,,,,,17,,,,,,,,,,,,,,,,,,,,,,,,,,,,,,13,,,,,,,,,
100,14,古田一行,フルタカズユキ,,,,,,,,,,,,,,,,,,,,,,,,,,,5,,,,,,,,,,,,,,,,,,,,,,,,,,,,,
101,14,宇野友季子,ウノユキコ,,,,,,,,,,,,,,,,,18,,,,,,,,,,,,,,,,,,,,,,,,,,,,,,14,,,,,,,,,
102,14,嶋本幸之助,シマモトコウノスケ,,,,,,,,,,,,25,,,,,,,,,,,,,,,,,,,,,,,,,,,,,,,,,,,,,,,,,,,,
103,14,名倉崇広,ナグラタカヒロ,,,,,,,,,,,,26,,3,,,,,,,,,,,,,,,,,,,,,,,41,,,,,,,,,,,,,,,,,,,
104,14,齋藤健太,サイトウケンタ,,,,,,,,,,,,27,,2,,,,,,,,,,,,,,,,,,,,,,,,,,,,,,,,,,,,,,,,,,
105,14,佐藤幹,サトウモトキ,,,,,,,,,,,,28,,,,,,,,,,,,,,,,,,,,,,,,,42,,4,,,,,,,,,,,,,,,,,
106,14,阿部舜,アベシュン,,,,,,,,,,,,29,,,,,,,,,,,,,,,,,,,,,,,,,43,,,,,,,,,,,,,,,,,,,
107,14,吉本一貴,ヨシモトカズキ,,,,,,,,,,,,,,,,,,,,,,,,,,,,,,,,,,,,,44,,,,,,,,,,,,,,,,,,,
108,14,山口海斗,ヤマグチカイト,,,,,,,,,,,,30,,4,,,,,,,,,,,,,,,,,,,,,,,,,,,,,,,,,,,,,,,,,,
109,14,竹内智一,タケウチトモカズ,,,,,,,,,,,,,,,,,,,,,,,,,,,,,,,,,,,,,,,,,,,,,,,,,,,,,,,,
110,14,大澤夏帆,オオサワカホ,,,,,,,,,,,,,,,,,,,,,,,,,,,,,,,,,,,,,,,,,,,,,,,15,,,,,,,,,
111,14,富松亮太,トミマツリョウタ,,,,,,,,,,,,,,,,,,,,,,,,,,,,,,,,,,,,,45,,,,,,,,,,,,,,,,,,,
112,14,小代田拓巳,コヨダタクミ,,,,,,,,,,,,31,,,,,,,,,,,,,,,,,,,,,,,,,46,,,,,,,,,,,,,,,,,,,
113,14,鍵慶和,カギヨシカズ,,,,,,,,,,,,32,,,,,,,,,,,,,,,,,,,,,,,,,47,,,,,,,,,,,,,,,,,,,
114,14,百瀬晴菜,モモセハルナ,,,,,,,,,,,,,,,,,19,,,,,,,,,,,,,,,,,,,,,,,,,,,,,,,,,,,,,,,
115,14,中村隼,ナカムラシュン,,,,,,,,,,,,,,,,,,,,,,,,,,,,,,,,,,,,,48,,,,,,,,,,,,,,,,,,,
116,14,佐々木万凜,ササキマリン,,,,,,,,,,,,,,,,,,,,,,,,,,,,,,,,,,,,,,,,,,,,,,,16,,,,,,,,,
117,14,池田美璃,イケダミリ,,,,,,,,,,,,,,,,,20,,,,,,,,,,,,,,,,,,,,,,,,,,,,,,17,,,,,,,,,
118,14,中原啓太,ナカハラケイタ,,,,,,,,,,,,,,,,,,,,,,,,,,,,,,,,,,,,,,,,,,,,,,,,,,,,,,,,
119,14,北谷優貴,キタタニユウキ,,,,,,,,,,,,,,,,,,,,,,,,,,,,,,,,,,,,,49,,,,,,,,,,,,,,,,,,,
120,14,奥谷真美,オクタニマミ,,,,,,,,,,,,,,,,,,,,,,,,,,,6,,2,,,,,,,,,,,,,,,,,,,,,,,,,,,
121,14,下田竜也,シモダタツヤ,,,,,,,,,,,,,,,,,,,,,,,,,,,,,,,,,,,,,50,,,,,,,,,,,,,,,,,,,
122,14,下屋大輔,シタヤダイスケ,,,,,,,,,,,,33,,,,,,,,,,,,,,,,,,,,,,,,,,,,,,,,,,,,,,,,,,,,
123,14,鐘江賢祐,カネガエケンスケ,,,,,,,,,,,,34,,,,,,,,,,,,,,,,,,,,,,,,,,,,,,,,,,,,,,,,,,,,
124,14,石井元樹,イシイゲンキ,,,,,,,,,,,,35,,1,,,,,,,,,,,,,,,,,,,,,,,,,,,,,,,,,,,,,,,,,,
125,14,信澤正太郎,ノブサワショウタロウ,,,,,,,,,,,,,,,,,,,,,,,,,,,,,,,,,,,,,51,,,,,,,,,,,,,,,,,,,
126,14,多田倫子,タダミチコ,,,,,,,,,,,,,,,,,,,,,,,,,,,7,,,,,,,,,,,,,,,,,,,,,,,,,2,,,,
127,14,石橋拓実,イシバシタクミ,,,,,,,,,,,,36,,,,,,,,,,,,,,,,,,,,,,,,,,,,,,,,,,,,,,,,,,,,
128,14,有田圭佑,アリタケイスケ,,,,,,,,,,,,,,,,,,,,,,,,,,,,,,,,,,,,,,,,,,,,,,,,,,,,,,,,
129,13,三富大雅,ミトミタイガ,,,,,,,,,,,,37,,,,,,,,,,,,,,,,,,,,,,,,,52,,,,,,,,,,,,,,,,,,,
130,13,小林夕真,コバヤシユウマ,,,,,,,,,,,,,,,,,,,,,,,,,,,,,,,,,,,,,53,,,,,,,,,,,,,,,,,,,
131,13,頼佳苗,ライカナエ,,,,,,,,,,,,,,,,,21,,,,,,,,,,,,,,,,,,,,,,,,,,,,,,18,,,,,,,,,
132,13,越智洋介,オチヨウスケ,,,,,,,,,,,,38,,,,,,,,,,,,,,,,,,,,,,,,,54,,,,,,,,,,,,,,,,,,,
133,13,木勢茉莉,キセマリ,,,,,,,,,,,,,,,,,22,,,,,,,,,,,,,,,,,,,,,,,,,,,,,,19,,1,,,,,,,
134,13,細田研吾,ホソダケンゴ,,,,,,,19,,,,,,,,,,,,,,,,,,,,,,,,,,,,,,,,,,,,,,,,,,,,,,,,,
135,13,星野菜穂子,ホシノナオコ,,,,,,,,,,,,,,,,,,,,,,,,,,,8,,3,,,,,,,,,,,,,,,,,,,,,,,,,,,
136,13,藤原政嗣,フジワラマサツグ,,,,,,,,,,,,,,,,,,,,,,,,,,,9,,4,,,,,,,,55,,,,,,,,,,,,,,,,,,,
137,13,渡辺菜々子,ワタナベナナコ,,,,,,,20,,,,,,,,,,,,,,,,,,,,,,,,,,,,,,,,,,,,,,,,,,,,,,,,,
138,13,中代敦士,ナカダイアツシ,,4,,,,,,,,,,,,,,,,,,,,,,,,,,,,,,,,,,,,,,,,,,,,,,,,,,,,,,
139,13,儘田遼華,ママダハルカ,,5,,,,,,,,,,,,,,,,,,,,,,,,,,,,,,,,,,,,,,,,,,,,,,,,,,,,,,
140,13,近藤康代,コンドウヤスヨ,,,,,,,21,,,,,,,,,,,,,,,,,,,,,,,,,,,,,,,,,,,,,,,,,,,,,,,,,
141,13,佐藤祐勝,サトウヨシカツ,,,,,,,22,,,,,,,,,,,,,,,,,,,,,,,,,,,,,,,,,,,,,,,,,,,,,,,,,
142,13,堂森歩,ドウモリアユミ,,,,,,,23,,,,,,,,,,,,,,,,,,,,,,,,,,,,,,,,,,,,,,,,,,,,,,,,,
143,13,林省吾,ハヤシショウゴ,,,,,,,24,,,,,,,,,,,,,,,,,,,,,,,,,,,,,,,,,,,,,,,,,,,,,,,,,
144,13,蓮圭祐,ハスケイスケ,,6,,,,,,,,,,,,,,,,,,,,,,,,,,,,,,,,,,,,,,,,,,,,,,,,,,,,,,
145,13,長谷川愛実,ハセガワアミ,,,,,,,25,,,,,,,,,,,,,,,,,,,,,,,,,,,,,,,,,,,,,,,,,,,,,,,,,
146,15,中嶋尚平,ナカジマショウヘイ,,,,,,,,,,,,,,,,,,,,,,,,,,,,,,,,,,,,,,,,,,7,,3,,,,,,,,,,,,
147,16,塚中正法,ツカナカタダノリ,,,,,,,,,,,,,,,,,,,,,,,,,,,,,,,,,,,,,,,,,,8,,,,,,,,,,,,,,
148,16,塚中久代,ツカナカヒサヨ,,,,,,,,,,,,,,,,,23,,,,,,,,,,,,,,,,,,,,,,,,,,,,,,,,,,,3,,2,,
149,16,金子勇太,カネコユウタ,,,,,,,,,,,,,,,,,,,,,,,,,,,,,,,,14,,,,,56,,,,,,,,,,,,,,,,,,,
150,16,金子智一,カネコトモカズ,,,,,,,,,,,,,,,,,,,,,,,,,,,,,,,,15,,,,,57,,2,,,,,,,,,,,,,,,,,
151,16,高崎健一,タカサキケンイチ,,,,,,,,,,,,,,,,,,,,,,,,,,,,,,,,16,,,,,,,,,,,,,,,,,,,,,,,,
152,16,塚本元気,ツカモトゲンキ,,,,,,,,,,,,,,,,,,,,,,,,,,,,,,,,17,,,,,58,,,,,,,,,,,,,,,,,,,
153,16,森田雄介,モリタユウスケ,,,,,,,,,,,,,,,,,,,,,,,,,,,,,,,,,,,,,59,,,,,,,,,,,,,,,,,,,
154,16,持田翔,モチダショウ,,,,,,,,,,,,,,,,,,,,,,,,,,,,,,,,,,,,,60,,,,,,,,,,,,,,,,,,,
155,16,駒澤里香,コマザワサトカ,,,,,,,,,,,,,,,,,24,,,,,,,,,,,,,,,,,,,,,,,,,,,,,,20,,,,,,,,,
156,16,畠山夏実,ハタケヤマナツミ,,,,,,,,,,,,,,,,,25,,,,,,,,,,,,,,,,,,,,,,,,,,,,,,,,,,,,,,,
157,16,小川彪斗,オガワタケト,,,,,,,,,,,,,,,,,,,,,,,,,,,,,,,,,,,,,61,,,,,,,,,,,,,,,,,,,
158,16,岩谷俊亮,イワヤトシアキ,,,,,,,26,,,,,,,,,,,,,,,,,,,,,,,,,,,,,,,,,,,,,,,,,,,,,,,,,
159,16,武田進,タケダススム,,,,,,,,,,,,,,,,,,,,,,6,,,,,,,,,,,,,,,,,,,,,,,,,,,,,,,,,,
160,16,石川稔,イシカワミノル,,,,,,,27,,,,,,,,,,,,,,,,,,,,,,,,,,,,,,,,,,,,,,,,,,,,,,,,,
161,16,堀米遼太,ホリゴメリョウタ,,,,,,,,,,,,,,,,,,,,,,,,,,,,,,,,18,,3,,,,,,,,9,,,,,,,,,,,,,,
162,16,太田寛,オオタヒロシ,,,,,,,,,,,,,,,,,,,,,,,,,,,10,,,,,,,,,,,,,,,10,,,,,,,,,,,,,,
163,16,西久保大樹,ニシクボタイジュ,,,,,,,28,,,,,,,,,,,,,,,,,,,,,,,,,,,,,,,,,,,,,,,,,,,,,,,,,
164,17,福長寛之,フクナガヒロユキ,,,,,,,,,,,,,,,,,,,,,,,,,,,11,,,,,,,,,,,,,,,,,,,,,,,,,,,,,
165,17,千葉健志,チバケンジ,,,,,,,,,,,,,,,,,,,,,,,,,,,,,,,,,,,,,,,,,,11,,4,,,,,,,,,,,,
166,17,大江潤,オオエジュン,,,,,,,,,,,,,,,,,,,,,,,,,,,,,,,,,,,,,,,,,,12,,2,,,,,,,,,,,,
167,17,遠藤啓太,エンドウケイタ,,,,,,,,,,,,,,,,,,,,,,,,,,,,,,,,19,,,,,62,,,,,,,,,,,,,,,,,,,
168,17,杉浦良太,スギウラリョウタ,,,,,,,,,,,,39,,,,,,,,,,,,,,,,,,,,,,,,,,,,,,13,,,,,,,,,,,,,,
169,17,杉本英優,スギモトヒデマサ,,,,,,,,,,,,40,,,,,,,,,,,,,,,,,,,,,,,,,63,,,,,,,,,,,,,,,,,,,
170,17,福田恭子,フクダキョウコ,,,,,,,29,,,,,,,,,,,,,,,,,,,,,,,,,,,,,,,,,,,,,,,,,,,,,,,,,
171,17,後藤文也,ゴトウフミヤ,,,,,,,,,,,,41,,,,,,,,,,,,,,,,,,,,,,,,,64,,,,,,,,,,,,,,,,,,,
172,17,佐藤和奏,サトウワカナ,,,,,,,,,,,,,,,,,26,,,,,,,,,,,,,,,,,,,,,,,,,,,,,,21,,,,,,,,,
173,17,高橋鋭人,タカハシハヤト,,,,,,,,,,,,,,,,,,,,,,7,,,,,,,,,,,,,,,,,,,,,,,,,,,,,,,,,,
174,20,本田英紀,ホンダヒデキ,,,,,,,,,,,,,,,,,,,,,,,,,,,12,,,,,,,,,,,,,,,,,,,,,,,,,,,,,
175,20,本田信仁,ホンダノブヒト,,,,,,,,,,,,,,,,,,,,,,,,,,,13,,,,,,,,,,,,,,,14,,,,,,,,,,,,,,
176,20,古川志歩,フルカワシホ,,,,,,,30,,,,,,,,,,,,,,,,,,,,,,,,,,,,,,,,,,,,,,,,,,,,,,,,,
177,20,佐藤美雪,サトウミユキ,,,,,,,31,,,,,,,,,,,,,,,,,,,,,,,,,,,,,,,,,,,,,,,,,,,,,,,,,
178,20,長岡敦美,ナガオカアツミ,,7,,,,,,,,,,,,,,,,,,,,,,,,,,,,,,,,,,,,,,,,,,,,,,,,,,,,,,
179,20,泉智慶,イズミチケイ,,,,,,,,,,,,,,,,,,,,,,,,,,,,,,,,,,,,,,,,,,,,,,,,,,,,,,,,
180,20,木間一紀,コノマカズノリ,,,,,,,,,,,,,,,,,,,,,,,,,,,,,,,,20,,2,,,,,,,,15,,1,,,,,,,,,,,,
181,20,渡辺祐太,ワタナベユウタ,,,,,,,,,,,,,,,,,,,,,,,,,,,,,,,,21,,,,,,,,,,16,,,,,,,,,,,,,,
182,20,渡辺万理子,ワタナベマリコ,,,,,,,,,,,,,,,,,,,,,,,,,,,,,,,,22,,,,,,,,,,,,,,,,,,,,,,,,
183,20,高柳紀子,タカヤナギノリコ,,,,,,,,,,,,,,,,,,,,,,,,,,,,,,,,,,,,,,,,,,,,,,,,,,,,,,,,
184,20,泉智慧,イズミトモエ,,,,,,,,,,,,,,,,,,,,,,,,,,,,,,,,,,,,,,,,,,,,,,,,,,,,,,,,
185,34,土井光司,ドイミツジ,,,,,,,,,,,,,,,,,,,,,,,,,,,14,,,,,,,,,,,,,,,17,,,,,,,,,,,,,,
186,34,仲嶋武,ナカジマタケシ,,,,,,,,,,,,,,,,,,,,,,,,,,,15,,,,,,,,,,,,,,,18,,,,,,,,,,,,,,
187,34,木村英憲,キムラヒデノリ,,,,,,,,,,,,,,,,,,,,,,,,,,,,,,,,,,,,,,,,,,19,,,,,,,,,,,,,,
188,19,吉島安菜,キチジマアンナ,,,,,,,,,,,,,,,,,27,,,,,,,,,,,,,,,,,,,,,,,,,,,,,,22,,,,,,,,,
189,18,坂田柊介,サカタシュウスケ,,,,,,,,,,,,,,,,,,,,,,,,,,,,,,,,,,,,,65,,,,,,,,,,,,,,,,,,,
190,18,三神摩周,ミカミマシュウ,,,,,,,,,,,,42,,,,,,,,,,,,,,,,,,,,,,,,,66,,,,,,,,,,,,,,,,,,,
191,18,阿部萌夏,アベモエカ,,,,,,,,,,,,,,,,,28,,,,,,,,,,,,,,,,,,,,,,,,,,,,,,23,,,,,,,,,
192,22,森田太郎,モリタタロウ,,,,,,,,,,,,,,,,,,,,,,,,,,,,,,,,23,,,,,67,,,,,,,,,,,,,,,,,,,
193,22,鈴木綾乃,スズキアヤノ,,,,,,,,,,,,,,,,,,,,,,,,,,,,,,,,,,,,,,,,,,,,,,,24,,,,,,,,,
194,22,近藤祐生,コンドウユウセイ,,,,,,,,,,,,43,,,,,,,,,,,,,,,,,,,,,,,,,68,,,,,,,,,,,,,,,,,,,
195,22,佐藤誠,サトウマコト,,,,,,,,,,,,44,,,,,,,,,,,,,,,,,,,,,,,,,69,,,,,,,,,,,,,,,,,,,
196,22,勝山敬介,カツヤマケイスケ,,,,,,,,,,,,45,,,,,,,,,,,,,,,,,,,,,,,,,70,,,,,,,,,,,,,,,,,,,
197,22,渡邊裕介,ワタナベユウスケ,,,,,,,,,,,,46,,,,,,,,,,,,,,,,,,,,,,,,,71,,,,,,,,,,,,,,,,,,,
198,22,秋山高志,アキヤマタカシ,,,,,,,32,,,,,,,,,,,,,,,,,,,,,,,,,,,,,,,,,,,,,,,,,,,,,,,,,
199,22,杉村和之,スギムラカズユキ,,,,,,,,,,,,,,,,,,,,,,,,,,,16,,,,,,,,,,,,,,,20,,,,,,,,,,,,,,
200,22,内村悦子,ウチムラエツコ,,,,,,,,,,,,,,,,,29,,,,,,,,,,,,,,,,,,,,,,,,,,,,,,,,,,,4,,3,,
201,22,加藤博之,カトウヒロユキ,,,,,,,,,,,,47,,,,,,,,,,,,,,,,,,,,,,,,,,,,,,21,,,,,,,,,,,,,,
202,22,菅沼大輔,スガヌマダイスケ,,,,,,,33,,,,,,,,,,,,,,,,,,,,,,,,,,,,,,,,,,,,,,,,,,,,,,,,,
203,22,渡邉亜美,ワタナベアミ,,8,,,,,,,,,,,,,,,,,,,,,,,,,,,,,,,,,,,,,,,,,,,,,,,,,,,,,,
204,22,鈴木公浩,スズキマサヒロ,,9,,,,,,,,,,,,,,,,,,,,,,,,,,,,,,,,,,,,,,,,,,,,,,,,,,,,,,
205,22,中野博之,ナカノヒロユキ,,,,,,,,,,,,48,,,,,,,,,,,,,,,,,,,,,,,,,,,,,,22,,,,,,,,,,,,,,
206,23,油井陽,アブライアキラ,,,,,,,,,,,,,,,,,,,,,,,,,,,,,,,,24,,,,,72,,3,,,,,,,,,,,,,,,,,
207,23,木村雅和,キムラマサカズ,,,,,,,,,,,,,,,,,,,,,,,,,,,,,,,,,,,,,73,,,,,,,,,,,,,,,,,,,
208,23,松田勇太,マツダユウタ,,,,,,,,,,,,49,,,,,,,,,,,,,,,,,,,,,,,,,74,,,,,,,,,,,,,,,,,,,
209,23,志村友秀,シムラトモヒデ,,,,,,,,,,,,,,,,,,,,,,,,,,,,,,,,,,,,,75,,,,,,,,,,,,,,,,,,,
210,23,松浦航己,マツウラコウキ,,,,,,,,,,,,,,,,,,,,,,,,,,,,,,,,,,,,,76,,,,,,,,,,,,,,,,,,,
211,23,今井浩一,イマイコウイチ,,,,,,,,,,,,,,,,,,,,,,8,,,,,,,,,,,,,,,,,,,,,,,,,,,,,,,,,,
212,26,塩谷優太,シオヤユウタ,,,,,,,,,,,,,,,,,,,,,,,,,,,,,,,,25,,,,,77,,,,,,,,,,,,,,,,,,,
213,26,恒藤亮斗,ツネフジリョウト,,,,,,,,,,,,50,,,,,,,,,,,,,,,,,,,,,,,,,78,,,,,,,,,,,,,,,,,,,
214,26,井上麻比留,イノウエマヒル,,,,,,,,,,,,,,,,,,,,,,,,,,,,,,,,,,,,,,,,,,,,,,,25,,,,,,,,,
215,26,ラフマン蒼,ラフマンアオ,,,,,,,,,,,,,,,,,,,,,,,,,,,,,,,,,,,,,79,,,,,,,,,,,,,,,,,,,
216,26,松原聡季,マツバラサキ,,,,,,,,,,,,,,,,,,,,,,,,,,,,,,,,,,,,,,,,,,,,,,,26,,,,,,,,,
217,26,山根真彩,ヤマネマアヤ,,,,,,,,,,,,,,,,,30,,,,,,,,,,,,,,,,,,,,,,,,,,,,,,27,,,,,,,,,
218,26,西川尚輝,ニシカワナオキ,,,,,,,,,,,,51,,,,,,,,,,,,,,,,,,,,,,,,,80,,,,,,,,,,,,,,,,,,,
219,26,吉田光希,ヨシダコウキ,,,,,,,,,,,,52,,,,,,,,,,,,,,,,,,,,,,,,,81,,,,,,,,,,,,,,,,,,,
220,26,中谷靖,ナカタニヤスシ,,,,,,,,,,,,,,,,,,,,,,,,,,,,,,,,,,,,,,,,,,23,,,,,,,,,,,,,,
221,29,村上海里,ムラカミカイリ,,,,,,,,,,,,,,,,,31,,4,,,,,,,,,,,,,,,,,,,,,,,,,,,,28,,,,,,,,,
222,32,石松幸真,イシマツユキマサ,,,,,,,34,,,,,,,,,,,,,,,,,,,,,,,,,,,,,,,,,,,,,,,,,,,,,,,,,
223,33,松﨑耕平,マツザキコウヘイ,,,,,,,,,,,,53,,,,,,,,,,,,,,,,,,,,,,,,,82,,,,,,,,,,,,,,,,,,,
