"id","group_id","round","main_score","sub1_score","sub2_score","penalty","retire"
21,13,2,8.1,8.5,7.9,0,0
22,11,3,6.7,7,6,0,0
23,8,3,6.9,7.8,7.3,0,0
24,9,3,7.6,7.7,6.2,0,0
25,6,3,7.2,7.5,7.1,0,0
26,14,3,7,7.3,6.5,0,0
27,13,3,7.1,8.2,8,0,0
1,17,1,7.3,6.3,6.5,0,0
2,7,1,7.2,6.5,7.5,0,0
3,20,1,6,5.5,6.4,0,0
4,16,1,5,4.9,5.2,0,0
5,4,1,3.8,2.9,4.4,0,0
6,2,1,6.7,6.9,6.3,0,0
7,10,1,6.5,6.2,6.2,0,0
8,11,1,6.8,7.5,7.4,0,0
9,14,1,7.6,7.4,7.9,0,0
10,9,1,7.4,7.6,7.7,0,0
11,1,2,7.1,6.6,6.8,0,0
12,19,2,5.2,5.6,6.4,0,0
13,12,2,5.5,6.7,7,0,0
14,21,2,5,5.2,5.9,0,0
15,3,2,5.1,5.7,6,0,0
16,5,2,4.6,5.7,5.7,-1,0
17,15,2,7.4,7.5,7.3,0,0
18,6,2,7.6,7.9,7.7,0,0
19,18,2,4.2,5,6.3,0,0
20,8,2,7.7,7.6,7.5,0,0